,Latitude,Location,Longitude
0,26°24'N,Abhayapuri,90°38'E
1,10°59'N,Karaikal,79°50'E
2,30°10'N,Abohar,74°10'E
3,10°05'N,Karaikkudi,78°45'E
4,24°41'N,Abu,72°50'E
5,25°31'N,Karamnasa,83°52'E
6,21°22'N,Achalpur,77°32'E
7,21°47'N,Karanjia,85°58'E
8,23°10'N,Acher,72°32'E
9,26°30'N,Karauli,77°04'E
10,23°26'N,Adhoi,70°32'E
11,25°17'N,Karchana,81°56'E
12,19°33'N,Adilabad,78°20'E
13,25°44'N,Kareha,86°21'E
14,15°33'N,Adoni,77°18'E
15,25°32'N,Karera,78°09'E
16,23°30'N,Adra,86°42'E
17,34°32'N,Kargil,76°12'E
18,23°40'N,Agar,76°02'E
19,27°01'N,Karhal,78°57'E
20,23°50'N,Agartala,91°23'E
21,18°26'N,Karimnagar,79°10'E
22,24°33'N,Agori,82°57'E
23,29°42'N,Karnal,77°02'E
24,27°17'N,Agra,77°58'E
25,30°16'N,Karnaprayag,79°15'E
26,19°30'N,Ahiri,80°00'E
27,13°15'N,Karnataka,77°00'E
28,23°00'N,Ahemadabad,72°40'E
29,26°56'N,Karsiyang,88°18'E
30,19°07'N,Ahmadnagar,74°46'E
31,31°23'N,Karsog,77°12'E
32,23°00'N,Ahmedabad/Ahmadabd,72°40'E
33,31°27'N,Kartapur,75°32'E
34,19°07'N,Ahmednagar/Ahmednagar,74°46'E
35,27°26'N,Karwan,78°04'E
36,26°26'N,Ai,90°44'E
37,14°55'N,Karwar,74°13'E
38,25°54'N,Ait,79°14'E
39,25°12'N,Karwi,80°57'E
40,23°40'N,Aizawl,92°44'E
41,12°30'N,Kasaragod,74°58'E
42,24°52'N,Ajaigarh,80°16'E
43,27°48'N,Kasganj,78°42'E
44,20°28'N,"Ajanta Ra.,",75°50'E
45,29°15'N,Kashipur,79°00'E
46,26°28'N,Ajmer,74°37'E
47,22°08'N,Kasiari,87°14'E
48,31°50'N,Ajnala,74°48'E
49,21°56'N,Katangi,79°50'E
50,24°39'N,"Akbarpur, Bihar",83°58'E
51,22°30'N,Katghora,82°33'E
52,26°25'N,"Akbarpur, Uttar Pradesh",82°32'E
53,21°47'N,Kathi,74°03'E
54,32°52'N,Akhnur,74°45'E
55,22°20'N,Kathiawar,71°00'E
56,24°26'N,Aklera,76°32'E
57,32°23'N,Kathua,75°34'E
58,20°42'N,Akola,77°02'E
59,25°34'N,Katihar,87°36'E
60,30°08'N,Alaknanda,78°36'E
61,23°51'N,Katni,80°24'E
62,09°30'N,Alappuzha/Alleppey,76°28'E
63,23°30'N,Katwa,88°05'E
64,27°30'N,Aliganj,79°10'E
65,27°31'N,Kauwapur,82°18'E
66,25°55'N,"Aligarh, Rajasthan.,",76°15'E
67,14°55'N,Karvali,80°01'E
68,27°55'N,"Aligarh, Uttar Pradesh.,",78°10'E
69,22°12'N,Kavi,72°38'E
70,26°30'N,Alipur Duar,89°35'E
71,22°00'N,Kawardha,81°17'E
72,25°25'N,Allahabad,81°58'E
73,30°44'N,Kedarnath,79°04'E
74,09°30'N,Alleppey,76°28'E
75,26°00'N,Kekri,75°10'E
76,29°38'N,Almora,79°40'E
77,25°13'N,Ken,80°27'E
78,23°56'N,A lot,75°40'E
79,22°45'N,Kendai,82°37'E
80,27°38'N,Alwar,76°34'E
81,20°35'N,Kendrapara,86°30'E
82,21°05'N,Amalner,75°05'E
83,21°28'N,Keonjhargarh,85°35'E
84,24°07'N,Amanat,84°04'E
85,11°00'N,Kerala,76°15'E
86,22°40'N,Amarkantak,81°45'E
87,28°01'N,Ketri,75°50'E
88,25°05'N,Amarpur,87°00'E
89,23°25'N,Khachrod,75°20'E
90,22°18'N,Amarwara,79°10'E
91,25°47'N,Khaga,81°07'E
92,26°43'N,Ambah,78°13'E
93,25°30'N,Khagaria,86°32'E
94,30°23'N,Ambala,76°56'E
95,27°57'N,Khair,77°46'E
96,23°15'N,Ambikapur,83°15'E
97,27°33'N,Khairabad,80°47'E
98,23°51'N,Amdhi,81°27'E
99,21°27'N,Khairgarh,81°02'E
100,25°18'N,Amet,73°56'E
101,23°58'N,Khairwara,73°38'E
102,21°56'N,Amla,78°07'E
103,26°48'N,Khalilabad,83°05'E
104,20°55'N,Amravati,77°45'E
105,23°05'N,Khamaria,80°48'E
106,21°35'N,Amreli,71°17'E
107,22°14'N,Khambhaliya,69°41'E
108,31°35'N,Amritsar,74°57'E
109,22°23'N,Khambhat,72°33'E
110,28°53'N,Amroha,78°30'E
111,20°45'N,"Khambhat, G. of",72°30'E
112,17°42'N,Anakapalle,83°06'E
113,21°49'N,Khandwa,76°22'E
114,22°32'N,Anand,72°79'E
115,25°01'N,Khaniadhana,78°08'E
116,33°45'N,Anantnag,75°10'E
117,30°42'N,Khanna,76°16'E
118,23°26'N,Anas,74°00'E
119,23°11'N,Kharaghoda,71°46'E
120,18°00'N,Andhra Pradesh,79°00'E
121,22°20'N,Kharagpur,87°25'E
122,23°06'N,Anjar,70°10'E
123,18°40'N,Kharda,75°34'E
124,29°10'N,Anupgarh,73°10'E
125,34°20'N,Khardung La.,77°43'E
126,23°06'N,Anuppur,81°41'E
127,21°45'N,Khargon,75°40'E
128,28°16'N,Aonla,79°11'E
129,25°54'N,Khari,74°31'E
130,25°35'N,Ara,84°32'E
131,22°48'N,Kharsawangarh,85°50'E
132,26°27'N,Arain,75°02'E
133,29°17'N,Khatauli,77°43'E
134,26°09'N,Araria,87°33'E
135,22°59'N,Khatra,86°51'E
136,12°53'N,Arcot,79°20'E
137,23°51'N,Khavda,69°43'E
138,31°09'N,Arki,76°58'E
139,24°07'N,Khed Brahma,73°05'E
140,25°57'N,Aron,77°56'E
141,28°52'N,Khekra,77°20'E
142,25°35'N,Arrah/Ara,84°32'E
143,24°02'N,Khilchipur,76°34'E
144,28°00'N,Arunachal Pradesh,95°00'E
145,22°11'N,Khirsadoh,78°47'E
146,25°15'N,Arwal,84°41'E
147,27°09'N,Khuiyala,70°25'E
148,26°37'N,Asan,78°24'E
149,23°47'N,Khujner,76°36'E
150,23°40'N,Asansol,87°01'E
151,23°05'N,Khunti,85°17'E
152,23°01'N,Ashta,76°43'E
153,24°03'N,Khurai,78°23'E
154,19°20'N,Asifabad,79°24'E
155,28°15'N,Khurja,77°58'E
156,23°58'N,Aspur,74°07'E
157,28°53'N,Kichha,79°30'E
158,26°00'N,Assam,93°00'E
159,28°41'N,Kichha,79°18'E
160,37°35'N,Atrauli,53°58'E
161,33°06'N,Kilar,76°25'E
162,11°35'N,Attur,78°30'E
163,18°34'N,Kirkee,73°56'E
164,26°28'N,Auraiya,79°33'E
165,26°03'N,Kishanganj,88°14'E
166,24°45'N,"Aurangabad, Bihar",84°18'E
167,26°34'N,"Kishangarh, Raj.",74°52'E
168,19°50'N,"Aurangabad, Maharashtra",75°23'E
169,27°50'N,"Kishangarh, Raj.",70°30'E
170,33°55'N,Awantipur,75°03'E
171,33°20'N,Kishtwar,75°48'E
172,26°05'N,Azamgarh,83°13'E
173,24°33'N,Kivarli,72°46'E
174,24°14'N,Azimganj,88°16'E
175,26°22'N,Koch Bihar,89°29'E
176,27°21'N,Babai/Sarju,81°23'E
177,25°15'N,Kochas,83°56'E
178,25°33'N,Baberu,80°43'E
179,09°58'N,Kochi/Cochin,76°20'E
180,26°49'N,Babuhri,69°43'E
181,24°28'N,Kodarma,85°36'E
182,25°35'N,Bachhwara,85°54'E
183,20°46'N,Kodinar,70°46'E
184,22°07'N,Bada Barabil,85°24'E
185,25°35'N,Kohima,94°10'E
186,11°35'N,Badagara,75°40'E
187,34°12'N,Kolahoi,75°22'E
188,22°10'N,Badampahar,86°10'E
189,13°12'N,Kolar,78°15'E
190,30°45'N,Badarinath,79°30'E
191,12°58'N,Kolar Gold Fields,78°16'E
192,34°01'N,Badgom,74°45'E
193,25°14'N,Kolaras,77°36'E
194,30°44'N,Badrinath,79°79'E
195,27°50'N,Kolayat,72°50'E
196,21°30'N,Bagasra,71°00'E
197,16°43'N,Kolhapur,74°15'E
198,22°19'N,Bagaud,75°53'E
199,22°36'N,Kolkata,88°24'E
200,25°32'N,Baghain,81°01'E
201,08°50'N,Kollam/Quilon,76°38'E
202,24°05'N,Bagodar,85°52'E
203,24°15'N,Kolosib,92°45'E
204,26°53'N,Bah,78°36'E
205,26°00'N,Konch,79°10'E
206,26°16'N,Bahadurganj,87°49'E
207,21°50'N,Koral,73°12'E
208,28°40'N,Bahadurgarh,76°57'E
209,22°20'N,Korba,82°45'E
210,24°02'N,Baharampur,88°27'E
211,24°07'N,Korwai,78°05'E
212,28°45'N,Baheri,79°34'E
213,27°48'N,Kosi,77°29'E
214,27°45'N,Bahgul,79°36'E
215,28°41'N,Kosi,78°57'E
216,27°38'N,Bahraich,81°37'E
217,30°35'N,Kot Kapura,74°50'E
218,27°51'N,Bahror,76°20'E
219,25°14'N,Kota,75°49'E
220,22°06'N,Baihar,80°33'E
221,25°06'N,Kota Barrage,75°51'E
222,29°55'N,Baijnath,79°37'E
223,29°45'N,Kotdwara,78°32'E
224,23°15'N,Baikunthpur,82°33'E
225,25°20'N,Kothari,75°04'E
226,22°30'N,Baj Baj,88°05'E
227,23°21'N,"Kothi, Chhattisgarh",82°03'E
228,22°40'N,Bajag,81°21'E
229,24°45'N,"Kothi, Mad. P.",80°40'E
230,23°07'N,Bajana,71°49'E
231,23°12'N,Kotma,81°58'E
232,24°15'N,Bakswaho,79°18'E
233,27°43'N,Kotputli,76°12'E
234,21°49'N,Balaghat,80°12'E
235,14°45'N,Kotturu,76°10'E
236,18°50'N,"Balaghat Ra.,",76°30'E
237,11°15'N,Kozhikode/Calicut,75°43'E
238,27°10'N,Balamau,80°21'E
239,15°57'N,Krishna,80°59'E
240,22°57'N,Balasinor,73°23'E
241,23°24'N,Krishnanagar,88°33'E
242,21°35'N,Balasore/Baleshwar,87°03'E
243,34°25'N,Kucha Gompa,76°56'E
244,21°35'N,Baleshwar,87°03'E
245,27°13'N,Kuchaman,74°47'E
246,25°11'N,Bali,73°17'E
247,21°44'N,Kuchinda,84°21'E
248,21°40'N,Baliapal,87°17'E
249,23°10'N,Kuda,71°15'E
250,26°50'N,Balipara,92°45'E
251,08°20'N,Kulasekarappattinam,78°05'E
252,25°46'N,Ballia,84°12'E
253,33°36'N,Kulgam,75°02'E
254,25°50'N,Balotra,72°14'E
255,23°43'N,Kulti,86°50'E
256,27°30'N,Balrampur,82°20'E
257,31°58'N,Kulu,77°06'E
258,25°15'N,Balurghat,88°44'E
259,10°58'N,Kumbakonam,79°25'E
260,25°22'N,Banaras/Varanasi,83°00'E
261,24°22'N,Kumbhraj,77°03'E
262,23°45'N,Banas Gujarat,71°25'E
263,33°32'N,Kumdok,78°10'E
264,24°15'N,"Banas, Med. P.",81°30'E
265,31°19'N,Kumharsain,77°27'E
266,24°03'N,"Banda, Mad. P.",78°57'E
267,25°43'N,Kunda,81°31'E
268,25°30'N,"Banda, Ut. P.",80°26'E
269,21°21'N,Kundla,71°25'E
270,26°09'N,Bandanwara,74°38'E
271,26°26'N,Kunwari,79°11'E
272,16°12'N,Bandar/Machilipatnam,81°08'E
273,22°04'N,Kuranga,69°10'E
274,23°40'N,Bandhogarh,81°02'E
275,26°37'N,Kuri,70°43'E
276,26°12'N,Bandi,75°47'E
277,15°45'N,Kurnool,78°00'E
278,27°03'N,Bandikui,76°34'E
279,23°10'N,Kushalgarh,74°27'E
280,21°34'N,Bangaduni L.,88°52'E
281,33°40'N,Kushol,76°36'E
282,12°59'N,Bangalore,77°40'E
283,23°17'N,Kusmi,83°55'E
284,27°06'N,Banganga,77°25'E
285,22°50'N,"Kutch, Gulf of/Kachchh, Gulf of",69°15'E
286,23°00'N,Bangaon,88°47'E
287,24°00'N,"Kutch, Rann of/Kachchh Rann of",70°00'E
288,35°50'N,Bangong Co,79°20'E
289,21°36'N,Kutiyana,70°02'E
290,33°30'N,Banihal Pass,75°12'E
291,26°25'N,Kuwana,83°15'E
292,31°38'N,Banjar,77°21'E
293,32°35'N,Kyelang,77°02'E
294,22°36'N,Banjar,80°22'E
295,10°00'N,Laccadive Is./Lakshadweep Is.,72°30'E
296,24°53'N,Banka,85°10'E
297,27°50'N,Lachhmangarh,75°04'E
298,25°35'N,Bankipore,85°10'E
299,34°00'N,Ladakh Ra.,78°00'E
300,23°11'N,Bankura,87°18'E
301,27°38'N,Ladnun,74°25'E
302,25°53'N,Banmankhi,87°11'E
303,26°12'N,Lahar,78°57'E
304,22°40'N,Bano,84°55'E
305,27°43'N,Laharpur,80°56'E
306,26°33'N,Bansgaon,83°21'E
307,26°09'N,Lakha,70°54'E
308,23°32'N,Banswara,74°24'E
309,27°57'N,Lakhimpur,80°46'E
310,21°29'N,Banttva,70°12'E
311,22°36'N,Lakhnadon,79°36'E
312,27°23'N,Bap,72°18'E
313,23°48'N,Lakhpat,68°47'E
314,15°55'N,Bapatla,80°30'E
315,29°46'N,Laksar,78°03'E
316,25°21'N,Bar Bigha,85°47'E
317,10°00'N,Lakshadweep Is.,72°30'E
318,25°16'N,Bara,81°43'E
319,22°58'N,Lakshmanpur,83°03'E
320,26°55'N,Bara Banki,81°12'E
321,22°05'N,Lakshmikantapur,88°20'E
322,27°42'N,Barah,77°05'E
323,24°30'N,Lala Ghat,92°40'E
324,25°15'N,Barail Range,93°20'E
325,25°52'N,Lalganj,85°13'E
326,24°07'N,Barakar,86°14'E
327,24°25'N,Lalgola,88°15'E
328,25°00'N,Barakhola,92°45'E
329,24°42'N,Lalitpur,78°28'E
330,21°33'N,Barakot,84°59'E
331,29°05'N,Lalkua,79°31'E
332,22°44'N,Barakpur,88°30'E
333,26°34'N,Lalsot,76°20'E
334,34°15'N,Baramula,74°20'E
335,22°08'N,Lamta,80°07'E
336,25°09'N,Baran,76°40'E
337,29°50'N,Lansdowne,78°41'E
338,22°46'N,Barasat,88°31'E
339,26°10'N,Lashkar,78°10'E
340,23°33'N,Barauda,75°15'E
341,23°45'N,Latehar,84°30'E
342,29°13'N,Baraut,77°07'E
343,27°43'N,Lathi,71°23'E
344,23°14'N,Barddhaman,87°39'E
345,51°12'N,Leh,16°10'E
346,28°22'N,Bareilly,79°27'E
347,22°34'N,Limbdi,71°51'E
348,23°06'N,Barela,80°03'E
349,23°25'N,Little Rann,71°25'E
350,25°29'N,Barh,85°46'E
351,23°27'N,Lohardaga,84°45'E
352,26°18'N,Barhaj,83°44'E
353,23°45'N,Loharia,74°14'E
354,24°52'N,Barharwa,87°47'E
355,28°27'N,Loharu,75°49'E
356,24°15'N,Barhi,85°25'E
357,15°30'N,Londa,74°30'E
358,26°39'N,Bari,77°39'E
359,22°17'N,Lormi,81°41'E
360,24°28'N,Bari Sadri,74°30'E
361,24°44'N,Luajan,85°01'E
362,23°37'N,Barkakana,85°29'E
363,26°50'N,Lucknow,81°0'E
364,25°45'N,Barmer,71°20'E
365,30°57'N,Ludhiana,75°56'E
366,25°21'N,Barna,83°03'E
367,25°11'N,Lukhisaria,86°05'E
368,23°07'N,Barnagar,75°19'E
369,23°43'N,Luna,69°16'E
370,30°23'N,Barnala,75°33'E
371,23°08'N,Lunavada,73°37'E
372,22°20'N,Baroda/Vadodara,73°10'E
373,22°55'N,Lunglei,92°45'E
374,25°29'N,Baroda,76°35'E
375,26°0'N,Luni,73°06'E
376,26°20'N,Barpeta,91°10'E
377,24°41'N,Luni,71°14'E
378,22°44'N,Barrackpur/Barakpur,88°30'E
379,28°29'N,Lunkaransar,73°44'E
380,18°10'N,Barsi,75°50'E
381,23°06'N,Machhu,70°46'E
382,25°48'N,Barsoi,87°57'E
383,16°12'N,MachilipatnaM,81°08'E
384,22°02'N,Barwani,74°57'E
385,18°0'N,Madha,75°30'E
386,20°03'N,Basim/Washim,77°00'E
387,21°15'N,Madhavpur,69°58'E
388,23°52'N,Basoda,77°54'E
389,26°11'N,Madhepura,86°23'E
390,30°44'N,Bassi,76°21'E
391,24°16'N,Madhupur,86°29'E
392,19°15'N,Bastar,81°40'E
393,22°50'N,Madhya Pradesh,78°0'E
394,26°52'N,Basti,82°55'E
395,12°30'N,Madikeri,75°45'E
396,31°48'N,Batala,75°12'E
397,11°0'N,Madras/TaMil Naidu,77°0'E
398,24°48'N,Bausi,87°01'E
399,24°16'N,Madri,73°32'E
400,26°55'N,Bayana,77°18'E
401,09°55'N,Madurai,78°10'E
402,24°20'N,Bearma,79°51'E
403,12°30'N,MadurantakaM,79°50'E
404,31°10'N,Beas,74°59'E
405,23°13'N,Magvana,69°22'E
406,26°03'N,Beawar,74°18'E
407,22°20'N,Mahadeo Hills,78°30'E
408,25°24'N,Begusarai,86°09'E
409,28°48'N,Mahajan,73°56'E
410,22°30'N,Behala,88°20'E
411,20°20'N,Mahan,86°25'E
412,25°50'N,Bela,82°00'E
413,20°30'N,Maharashtra,75°30'E
414,24°02'N,Belan,81°45'E
415,28°17'N,Mahbulnagar,76°14'E
416,15°55'N,Belgaum,74°35'E
417,33°10'N,Mahe,783°32'E
418,15°10'N,Bellary,76°56'E
419,28°17'N,Mahendragarh,76°14'E
420,23°15'N,Belonia,91°30'E
421,23°39'N,Mahesana,72°26'E
422,28°23'N,Belrain,80°55'E
423,22°11'N,Maheshwar,75°35'E
424,21°42'N,Bemetara,81°32'E
425,26°29'N,Mahgawan,78°37'E
426,25°22'N,Benares/Varanasi,83°00'E
427,2°15'N,Mahi,72°55'E
428,23°27'N,Ber Mota,68°34'E
429,25°5'N,Mahoba,79°55'E
430,25°15'N,Berach,75°02'E
431,21°05'N,Mahuva,71°48'E
432,24°02'N,Berhampore/Baharampur,88°27'E
433,24°16'N,Maihar,80°45'E
434,19°15'N,Berhampur/Brahmapur,84°54'E
435,22°0'N,Maikala Ra,81°0'E
436,26°48'N,Bettiah,84°33'E
437,28°17'N,Mailani,80°21'E
438,21°58'N,Betul,77°59'E
439,27°18'N,Mainpuri,79°04'E
440,23°59'N,Bewas,79°21'E
441,26°30'N,Mairabari,92°22'E
442,16°31'N,Bezwada/Vijayawada,80°39'E
443,22°02'N,Makrai,77°0'E
444,25°03'N,Bhabua,83°37'E
445,11°0'N,Malabar Coast,75°0'E
446,23°20'N,Bhachau,70°16'E
447,25°02'N,Maldah,88°09'E
448,22°17'N,"Bhadar, Gujarat",72°20'E
449,20°30'N,Malegaon,74°38'E
450,21°27'N,"Bhadar, Gujarat",69°47'E
451,30°32'N,Malerkotla,75°58'E
452,32°58'N,Bhadwrwah,75°46'E
453,24°17'N,Malhargarh,74°59'E
454,25°25'N,Bhadohi,82°34'E
455,23°05'N,Maliya,70°46'E
456,29°08'N,Bhadra,75°14'E
457,27°04'N,Mallawan,80°12'E
458,21°10'N,Bhadrakh,86°30'E
459,23°21'N,Malpur,73°27'W
460,22°19'N,Bhadran,72°06'E
461,26°17'N,Malpura,75°23'E
462,13°49'N,Bhadravati,75°40'E
463,16°02'N,Malvan,73°30'E
464,25°10'N,Bhagalpur,87°00'E
465,23°04'N,Man Bazaar,86°39'E
466,30°08'N,"Bhagirathi, Uttaranchal",78°35'E
467,32°16'N,Manali,77°10'E
468,23°25'N,"Bhagirathi, W. Bengal",88°23'E
469,26°12'N,Manas,90°40'E
470,31°30'N,Bhakra Dam,76°45'E
471,21°42'N,Mand,83°15'E
472,21°05'N,Bhandara,79°42'E
473,25°12'N,Mandalgarh,75°06'E
474,24°31'N,Bhanpura,75°44'E
475,31°39'N,Mandi,76°58'E
476,23°40'N,Bhanrer Ra.,79°5'E
477,29°58'N,Mandi Dabwali,74°42'E
478,26°19'N,Bhaptiahi,86°44'E
479,22°39'N,Mandla,80°30'E
480,23°44'N,"Bharatpur, Chhattisgarh",81°46'E
481,24°03'N,Mandsaur,75°08'E
482,27°15'N,"Bharatpur, Raj.",77°30'E
483,22°51'N,Mandvi,69°22'E
484,23°14'N,Bharno,84°53'E
485,12°30'N,Mandya,77°0'E
486,30°15'N,Bhatinda,74°57'E
487,12°55'N,Mangalore,74°47'E
488,22°50'N,Bhatpara,88°25'E
489,27°31'N,Mangan,88°32'E
490,29°36'N,Bhattu,75°19'E
491,24°41'N,Mangawan,81°33'E
492,21°45'N,Bhaunagar/Bhavnagar,72°10'E
493,29°44'N,Manglaur,77°49'E
494,21°45'N,Bhavnagar,72°10'E
495,21°07'N,Mangrol Mad. P.,70°07'E
496,25°42'N,Bhawari,73°04'E
497,25°20'N,Mangrol Raj.,76°31'E
498,21°51'N,Bhayavadar,70°15'E
499,25°21'N,Manihari,87°38'E
500,21°52'N,Bhikangaon,75°57'E
501,25°04'N,Manikpur,81°07'E
502,23°28'N,Bhilsa/Vidisha,77°53'E
503,25°0'N,Manipur,94°0'E
504,25°25'N,Bhilwara,74°38'E
505,18°49'N,Manjra,77°52'E
506,16°25'N,Bhima,77°17'E
507,20°18'N,ManMad,74°28'E
508,26°30'N,Bhind,78°46'E
509,22°23'N,Manoharpur,85°12'E
510,27°43'N,Bhinga,81°56'E
511,23°17'N,"Manpur, Chhattisgarh",83°35'E
512,25°00'N,Bhinmal,72°15'E
513,22°26'N,"Manpur,Mad. P.",75°37'E
514,19°20'N,Bhiwandi,73°00'E
515,23°27'N,Mansa Gujrat,72°45'E
516,28°50'N,Bhiwani,76°09'E
517,30°0'N,Mansa Punjab,75°27'E
518,22°26'N,Bhogava,72°20'E
519,18°40'N,Manthani,79°35'E
520,23°20'N,Bhopal,77°30'E
521,15°25'N,Marmagao,73°56'E
522,20°15'N,Bhubaneshwar,85°50'E
523,25°43'N,Marwar,73°45'E
524,23°15'N,Bhuj,69°49'E
525,26°07'N,Mashrakh,84°48'E
526,21°03'N,Bhusaval,75°46'E
527,23°33'N,Matanomadh,68°57'E
528,23°56'N,Biaora,76°56'E
529,27°30'N,Mathura,77°40'E
530,22°27'N,Bichia,80°42'E
531,26°56'N,Matiali,88°49'E
532,17°55'N,Bidar,77°35'E
533,21°40'N,Matla,88°40'E
534,26°49'N,Bidhuna,79°31'E
535,09°50'N,Mattancheri,76°15'E
536,25°05'N,Bihar,85°40'E
537,26°17M,Mau Mad. P.,78°41'E
538,25°00'N,Bihar,86°00'E
539,25°56'N,Mau Ut. P.,83°33'E
540,25°44'N,Bihariganj,86°59'E
541,25°17'N,"Mau, Ut. P.",81°23'E
542,26°02'N,Bijaipur,77°20'E
543,25°16'N,mau Ranjpur,79°08'E
544,18°50'N,"Bijapur, Chhattisgarh",80°50'E
545,24°50'N,Mauganj,81°55'E
546,16°50'N,"Bijapur, Karnataka",75°55'E
547,24°15'N,Mavli,7°.55'W
548,24°38'N,Bijawar,79°30'E
549,22°30'N,Mawai,81°04'E
550,29°27'N,Bijnor,78°11'E
551,29°06J,Mawana,77°58'E
552,28°02'N,Bikaner,73°18'E
553,22°25'N,Medinipur,87°21'E
554,26°30'N,Bikapur,82°07'E
555,29°01'N,Meerut,77°42'E
556,26°14'N,Bilara,73°53'E
557,21°38'N,Megasini,86°21'E
558,22°02'N,"Bilaspur, Chhattisgarh",82°15'E
559,25°50'N,Meghalaya,91°0'E
560,31°19'N,"Bilaspur, Punjab",76°50'E
561,26°58'N,Mehndawal,83°05'E
562,27°11'N,Bilgram,80°02'E
563,25°09'N,Meja,82°07'E
564,26°51'N,Bilhaur,80°05'E
565,12°20'N,Melagiri Hills,77°30'E
566,24°13'N,Bina-Etawah,78°14'E
567,33°35'N,Mendhar,74°10'E
568,26°02'N,Bindki,80°36'E
569,26°39'N,Merta,74°04'E
570,19°04'N,Bir,75°46'E
571,26°43'N,Merta Road,73°55'E
572,22°24'N,Birmitrapur,84°46'E
573,22°33'N,Mhow,75°50'E
574,28°11'N,Birsilpur,72°15'E
575,28°15'N,Minutang,96°30'E
576,13°30'N,Birur,75°55'E
577,16°50'N,Miraj,74°45'E
578,28°14'N,Bisalpur,79°48'E
579,25°10'N,Mirzapur,82°34'E
580,23°08'N,Bishnupur,87°20'E
581,25°10'N,Mirzapur-cum-Vindhyachal=Mirzapur,82°34'E
582,27°29'N,Biswan,81°02'E
583,21°50'N,Miyani,69°26'E
584,18°35'N,Bobbili,83°30'E
585,23°30'N,Mizoram,92°40'E
586,18°40'N,Bodhan,77°44'E
587,23°30'N,Modasa,73°21'E
588,23°46'N,Bokaro,85°55'E
589,30°48'N,Moga,75°08'E
590,23°40'N,Bolpur,87°45'E
591,24°43'N,Mohana,85°0'E
592,18°55'N,Bombay/Mumbai,72°50'E
593,26°41'N,Mohanlalganj,80°58'E
594,21°50'N,Bonaigarh,84°57'E
595,25°24'N,Mokameh,85°55'E
596,22°25'N,Borsad,72°54'E
597,26°15'N,Mokokchung,94°30'E
598,22°15'N,Botad,71°40'E
599,25°23'N,Monghyr/Munger,86°30'E
600,20°39'N,Brahmani,86°46'E
601,28°50'N,Moradabad,78°50'E
602,19°15'N,Brahmapur,84°54'E
603,26°14'N,Morar,78°14'E
604,27°48'N,Brahmaputra,95°30'E
605,22°50'N,Morbi,70°42'E
606,28°05'N,Budaun,79°10'E
607,26°13'N,Morel,76°36'E
608,22°30'N,Budge Budge/Baj Baj.,88°05'E
609,26°30'N,Morena,78°04'E
610,28°28'N,Bulandshahr,77°51'E
611,25°29'N,Morhar,85°11'E
612,20°40'N,Bulsar/Valsad,72°58'E
613,25°43'N,Moth,78°57'E
614,25°30'N,Bundi,75°35'E
615,26°30'N,Motihari,84°55'E
616,25°50'N,Burda,77°35'E
617,26°06'N,Mubarakpur,83°18'E
618,23°14'N,Burdwan/Barddhaman,87°39'E
619,25°18'N,Mughal Sarai,83°07'E
620,21°18'N,Burhanpur,76°14'E
621,26°04'N,Muhammadabad,83°25'E
622,25°20'N,Burhi Gandak,86°37'E
623,24°49'N,Mukandwara,75°59'E
624,22°43'N,Burhner,80°31'E
625,31°57'N,Mukerian,75°37'E
626,27°45'N,Buxa Duar,89°35'E
627,30°30'N,Mukstar,74°30'E
628,25°34'N,Buxar,83°58'E
629,18°55'N,Mumbai,72°50'E
630,22°36'N,Calcutta/Kolkata,88°24'E
631,25°45'N,Munabao,70°17'E
632,11°15'N,Calicut,75°43'E
633,22°54'N,Mundra,69°48'E
634,22°23'N,Cambay/Khambhat,72°33'E
635,24°24'N,Mungaoli,78°07'E
636,20°45'N,"Cambay, G. of/Khambhat G. of",72°30'E
637,22°04'N,Mungeli,81°41'E
638,11°53'N,Cannanore,75°27'E
639,25°23'N,Munger,86°30'E
640,22°23'N,Canning Town/Port Canning,88°40'E
641,23°22'N,Muri,85°52'E
642,09°30'N,Cardamon Hills,77°15'E
643,2554'N,Murliganj,86°59'E
644,11°09'N,Cauvery,78°52'E
645,24°11'N,Murshidabad,88°19'E
646,26°28'N,Cawnpore/Kanpur,80°20'E
647,24°11'N,Murshidabad,88°19'E
648,22°42'N,chaibasa,85°49'E
649,23°46'N,Murwara,80°28'E
650,22°45'N,Chakradharpur,85°40'E
651,26°22'N,Musafirkhana,81°48'E
652,30°42'N,Chakrata,77°51'E
653,30°27'N,Mussoorie,78°06'E
654,20°30'N,Chalisgaon,75°10'E
655,29°26'N,Muzaffarnagar,77°40'W
656,32°35'N,Chamba,76°10'E
657,26°07'N,Muzaffarpur,85°23'E
658,26°29'N,Chambal,79°15'E
659,26°15'N,Myjlar,70°20'E
660,30°24'N,Chamoli,79°21'E
661,13°15'N,Mysore/Karnataka,77°0'E
662,22°02'N,Champa,82°43'E
663,12°17'N,Mysore,76°41'E
664,29°20'N,Champawat,80°06'E
665,23°34'N,Babadwip/Navadwip,88°20'E
666,22°05'N,Champua,85°40'E
667,30°26'N,Nabha,76°14'E
668,23°44'N,Chanasma,72°05'E
669,27°34'N,Nachna,71°41'E
670,21°57'N,Chand,79°07'E
671,22°41'N,Nadiad,72°56'E
672,24°38'N,Chandan,86°40'E
673,26°0'N,Nagaland,94°30'E
674,28°33'N,Chandan Chauki,80°47'E
675,10°46'N,Nagappattinam,79°51'E
676,22°52'N,Chandannagar,88°24'E
677,27°15'N,Nagaur,73°45'E
678,28°27'N,Chandausi,78°49'E
679,23°27'N,Nagda,75°25'E
680,30°43'N,Chandigarh,76°47'E
681,08°12'N,Nagercoil,77°26'E
682,22°58'N,Chandil,86°03'E
683,29°30'N,Nagina,78°30'E
684,21°59'N,Chandod,73°28'E
685,24°34'N,Nagod,80°36'E
686,19°57'N,Chandrapur,79°25'E
687,21°08'N,Nagpur,79°10'E
688,33°53'N,Chnaga,77°35'E
689,30°33'N,Nahan,77°18'E
690,09°25'N,Changanacheri,76°31'E
691,24°10'N,Mahargarh Mad. P.,75°14'E
692,12°40'N,Channapatna,77°15'E
693,24°55'N,Nahargarh Raj.,76°50'E
694,25°48'N,Chapra= Chhapra,84°44'E
695,27°21'N,Naimisharanya,80°30'E
696,27°51'N,Charanwala,72°10'E
697,29°30'N,Naini Tal,79°30'E
698,25°24'N,Charkhari,79°45'E
699,22°30'N,Nainpur,80°10'E
700,28°37'N,Charkhi Dadri,76°17'E
701,25°46'N,Nainwa,75°51'E
702,24°12'N,Chatra,84°56'E
703,29°40'N,Najibabad,78°20'E
704,19°22'N,Chatrapur,85°02'E
705,23°20'N,Nakhtarana,69°15'E
706,26°36'N,Chatsu,75°57'E
707,31°08'N,Nakodar,75°31'E
708,13°08'N,Chennai,80°19'E
709,17°06'N,Nalgonda,79°15'E
710,25°17'N,Cherrapunji,91°47'E
711,24°17'N,Nalhati,87°52'E
712,24°40'N,Chhabra,76°54'E
713,23°16'N,Naliya,68°50'E
714,22°06'N,Chhaktala,74°11'E
715,15°30'N,Nallamalai Hills,78°50'E
716,25°48'N,Chhapra,84°44'E
717,31°48'N,Namgia,78°40'E
718,27°42'N,Chhata,77°30'E
719,30°23'N,Nanda Devi,79°59'E
720,24°23'N,"Chhatarpur, Jharkhand",84°11'E
721,30°17'N,Nanda Kot,80°05'E
722,24°55'N,"Chhatarpur, Mad. P.",79°35'E
723,19°140'N,Nanded,77°20'E
724,22°00'N,Chhattisgarh,82°00'E
725,22°01'N,Nandigram,87°58'E
726,23°03'N,"Chhindwara, Mad. P.",79°29'E
727,21°20'N,Nandurbar,74°15'E
728,22°02'N,"Chhindwara, Mad. P.",78°59'E
729,15°30'N,Nandyal,78°30'E
730,22°14'N,Chhota Tawa,76°36'E
731,27°52'N,Nanpara,81°33'E
732,24°02'N,Chhoti Kali Sindh,75°31'E
733,25°11'N,naraini,80°29'E
734,21°32'N,Chhuikhadan,80°59'E
735,16°26'N,Narsapur,81°40'E
736,18°14'N,Chicacole/Srikakulam,83°58'E
737,16°45'N,Narayanpet,77°30'E
738,22°01'N,Chicholi,77°40'E
739,30°10'N,Narendernagar,78°18'E
740,11°20'N,Chidambaram,79°45'E
741,21°38'N,Narmada,72°36'E
742,13°25'N,Chik Bollapur,77°45'E
743,28°05'N,Narnaul,76°11'E
744,13°15'N,Chikmagalur,75°45'E
745,22°54'N,Narsimhapur,79°14'E
746,19°40'N,Chilka L.,85°25'E
747,23°45'N,Narsinghgarh,76°40'E
748,27°25'N,Chilo,73°32'E
749,29°39'N,Narwana,76°06'E
750,33°02'N,Chineni,75°15'E
751,19°58'N,Nasik,73°50'E
752,31°32'N,Chini,75°15'E
753,26°15'N,Nasirabad,74°45'E
754,15°50'N,Chirala,80°26'E
755,24°55'N,Nathdwara,73°50'E
756,28°14'N,Chirawa,75°42'E
757,27°20'N,Nautanwa,83°25'E
758,23°15'N,Chirmiri,82°20'E
759,23°34'N,Navadwip,88°20'E
760,24°52'N,Chittaurgarh,74°38'E
761,21°26'N,Navinbandar,69°48'E
762,13°15'N,Chittoor,79°05'E
763,22°58'N,Navlakhi,70°28'E
764,27°15'N,Chomun,75°40'E
765,20°57'N,Navsari,72°59'E
766,34°42'N,Chorbat La,76°37'E
767,26°56'N,Nawabganj Ut. P.,81°14'E
768,22°23'N,Chotila,71°15'E
769,28°32'N,Nawabganj Ut. P.,79°40'E
770,22°19'N,Chotta Udepur,74°01'E
771,24°50'N,Nawada,85°33'E
772,22°29'N,Chuda,71°41'E
773,27°50'N,Nawalgarh,75°15'E
774,32°40'N,Chumar,78°35'E
775,32°33'N,Nawanshahr,74°48'E
776,22°53'N,Chunchura,88°27'E
777,24°30'N,Neemuch/Nimach,74°56'E
778,24°20'N,Churachandpur,93°40'E
779,10°46'N,Negapattam/Nagappattinam,79°51'E
780,23°50'N,Churki,83°12'E
781,30°50'N,Negev Desert/Hanegev,35°0'E
782,28°20'N,Churu,74°50'E
783,14°27'N,Nellore,79°59'E
784,33°40'N,Chushal,78°40'E
785,28°01'N,Nepalganj Road,81°41'E
786,16°57'N,Cocanada/Kakinada,82°11'E
787,23°29'N,Netarhat,84°16'E
788,09°58'N,Cochin,76°20'E
789,21°39'N,Netrang,73°21'E
790,11°02'N,Coimbatore,76°59'E
791,28°37'N,New Delhi,77°13'E
792,08°03'N,"Comorin, C.",77°40'E
793,24°24'N,Newaj,76°49'E
794,12°52'N,Conjeeveram/Kanchipuram,79°45'E
795,28°14'N,Nighasin,80°52'E
796,21°54'N,Contai,87°46'E
797,27°44'N,NimKa Thana,75°48'E
798,26°22'N,Cooch Behar/Koch Bihar,89°29'E
799,24°30'N,Nimach,74°56'E
800,13°42'N,Coondapoor,74°40'E
801,24°37'N,Nimbahera,74°45'E
802,12°30'N,Coromandel Coast,81°00'E
803,19°0°'N,Nirmal,78°20'E
804,11°46'N,Cuddalore,79°45'E
805,26°20'N,Nirmali,86°35'E
806,14°30'N,Cuddapah,78°47'E
807,23°03'N,Niwas,80°26'E
808,15°40'N,Cumbum,79°10'E
809,18°45'N,Nizamabad,78°07'E
810,20°25'N,Cuttack,85°57'E
811,28°20'N,Nizamghat,95°45'E
812,22°10'N,Dabhoi,73°20'E
813,29°11'N,Nohar,74°49'E
814,20°05'N,Dadra & Nagar Haveli,73°00'E
815,23°40'N,Nohta,79°34'E
816,28°37'N,Dadri/Charkhi Dadri,76°17'E
817,28°0'N,North East Frontier Agency/Arunachal Pradesh,95°0'E
818,22°50'N,Dahod,74°15'E
819,24°45'N,Norht Koel,83°50'E
820,22°45'N,Dakor,73°11'E
821,27°14'N,North Lakhimpur,94°07'E
822,32°38'N,Dalhousie,75°58'E
823,17°30'N,Norther Circars,82°30'E
824,26°04'N,Dalmau,81°02'E
825,26°20'N,Nowgong Assam,92°50'E
826,24°00'N,Daltenganj,84°04'E
827,25°04'N,Nowgong Mad. P.,79°27'E
828,20°25'N,Daman,72°57'E
829,34°35'N,Nubra,77°35'E
830,23°17'N,Damodar,87°35'E
831,33°57'N,Nunkun,76°02'E
832,23°50'N,Damoh,79°28'E
833,33°10'N,Nyoma Rap,78°40'E
834,15°05'N,Dandell,74°30'E
835,22°27'N,Okha,69°04'E
836,32°10'N,Dankhar Gompa,78°10'E
837,15°33'N,Ongole,80°02'E
838,24°11'N,Danta,72°46'E
839,11°30'N,Ootacamund/Udagamandalam,76°44'E
840,21°57'N,Dantan,87°20'E
841,25°58'N,Orai,79°30'E
842,26°15'N,Darbhanga,85°55'E
843,20°0'N,Orissa,84°0'E
844,27°03'N,Darjeeling/Darjiling,88°18'E
845,26°43'N,Osiyan,72°55'E
846,27°03'N,Darjiling,88°18'E
847,18°05'N,Osmanabad,76°10'E
848,20°15'N,Darwha,77°45'E
849,24°40'N,Pachhar,77°42'E
850,31°49'N,Dasuya,75°38'E
851,22°28'N,Pachmarhi,78°26'E
852,25°39'N,Datia,78°27'E
853,25°58'N,Pachpadra,72°10'E
854,25°02'N,Daudnagar,84°24'E
855,24°12'N,Padma,85°22'E
856,26°45'N,Daulpur,77°59'E
857,22°15'N,Padra,73°07'E
858,26°52'N,Dausa,76°20'E
859,26°54'N,Padrauna,83°59'E
860,14°25'N,Davangere,75°55'E
861,24°22'N,Pagara,80°01'E
862,18°00'N,Deccan,79°00'E
863,25°45'N,Pailani,80°26'E
864,26°46'N,Dechhu,72°20'E
865,24°38'N,Pakaur,87°51'E
866,26°46'N,Dechhu,72°20'E
867,21°27'N,Pal Lahara,85°11'E
868,26°50'N,Degana,74°20'E
869,19°0'N,Palam,77°0'E
870,21°44'N,Dehej,72°40'E
871,32°10'N,Palampur,76°30'E
872,30°20'N,Dehra Dun,78°04'E
873,10°14'N,Palani Hills,77°33'E
874,24°50'N,Dehri,84°15'E
875,24°10'N,Palanpur,72°25'E
876,28°38'N,Delhi,77°17'E
877,23°47'N,Palashi,88°15'E
878,20°46'N,Delvada,71°02'E
879,21°47'N,Palasponga,85°34'E
880,32°42'N,Demchok,79°29'E
881,08°45'N,Palayankottai,77°45'E
882,29°42'N,Deoband,77°43'E
883,10°46'N,Palghat,76°42'E
884,25°32'N,Deogarh,73°54'E
885,25°50'N,Pali,73°20'E
886,24°30'N,Deoghar,86°42'E
887,21°32'N,Palitana,71°49'E
888,19°58'N,Deolali,73°50'E
889,28°59'N,Pallu,74°14'E
890,25°50'N,Deoli/Devli,75°20'E
891,28°08'N,Palwal,77°19'E
892,26°22'N,Deora,70°55'E
893,15°25'N,Panaji,73°50'E
894,23°24'N,Deori,79°01'E
895,21°42'N,Pandhana,76°13'E
896,26°31'N,Deoria,83°48'E
897,17°41'N,Pandharpur,75°20'E
898,26°46'N,Deosri,90°29'E
899,34°40'N,Pangong Tso,78°40'E
900,22°51'N,Depalpur,75°33'E
901,22°29'N,Pani Mines,73°50'E
902,26°45'N,Dergaon,94°00'E
903,20°46'N,Panikota I.,71°21'E
904,27°48'N,Deshnok,73°21'E
905,29°25'N,Panipat,77°02'E
906,25°18'N,Desuri,73°35'E
907,32°30'N,Panja Range/Pir Panjal Range,76°50'E
908,09°55'N,Devakottai,78°45'E
909,15°25'N,Panjim/Panaji,73°50'E
910,30°13'N,Devaprayag,78°35'E
911,24°40'N,Panna,80°15'E
912,22°40'N,Devgadh Bariya,73°55'E
913,24°40'N,Panna Hills,81°15'E
914,26°42'N,Devikot,71°12'E
915,21°39'N,Pansemal,74°42'E
916,25°50'N,Devil,75°20'E
917,20°15'N,Paradip,86°35'E
918,22°59'N,Dewas,76°03'E
919,25°50'N,"Parbati , Mad. P.",76°30'E
920,24°56'N,Dhadhar,85°24'E
921,26°54'N,Parbati Raj.,77°53'E
922,29°19'N,Dhampur,78°33'E
923,19°08'N,Parbhani,76°52'E
924,20°42'N,Dhamtari,81°35'E
925,19°08'N,Parbhani,76°52'E
926,23°50'N,Dhanbad,86°30'E
927,18°50'N,ParvatiPuram,83°25'E
928,22°35'N,Dhar,75°26'E
929,26°52'N,Parvatsar,74°49'E
930,22°13'N,Dharampur,75°18'E
931,23°54'N,"Patan, Gujrat",72°14'E
932,32°16'N,Dharamsala/Dharmsala,76°23'E
933,23°54'N,Patan Maharashtra,72°14'E
934,31°57'N,Dhariwal,75°19'E
935,28°18'N,Pataudi,76°48'E
936,12°10'N,Dharmapuri,78°10'E
937,32°18'N,Pathankot,75°45'E
938,22°28'N,Dharmjaygarh,83°13'E
939,30°23'N,"Patiala, Punjab",76°26'E
940,32°16'N,Dharmsala,76°23'E
941,27°43'N,Patiala Ut. P.,79°01'E
942,21°33'N,Dharni,76°53'E
943,27°0'N,Patkai Bum,95°30'E
944,15°30'N,Dharwad,75°04'E
945,25°35'N,Patna,85°12'E
946,25°48'N,Dhasan,79°24'E
947,25°55'N,Patti Punjab,82°12'E
948,24°10'N,"Dhebar, L.",74°00'E
949,25°55'N,Patti Ut. P.,82°12'E
950,20°45'N,Dhenkanal,85°35'E
951,90°09'N,Pauri,78°47'E
952,31°31'N,Dhilwan,75°21'E
953,28°04'N,Pawayan,80°06'E
954,23°28'N,Dhimarkhera,80°22'E
955,22°46'N,Pendra,81°57'E
956,22°44'N,Dholka,72°29'E
957,14°35'N,Penner,80°10'E
958,21°45'N,Dhoraji,70°37'E
959,22°30'N,Petlad,72°45'E
960,22°59'N,Dhrangadhra,71°31'E
961,31°10'N,Phagwara,75°40'E
962,22°33'N,Dhrol,70°25'E
963,26°52'N,Phalera/Phulera,75°16'E
964,26°02'N,Dhuburi,89°59'E
965,27°12'N,Phalodi,72°24'E
966,20°58'N,Dhule,74°50'E
967,26°36'N,Phaphund,79°28'E
968,22°11'N,Diamond Harbour,88°14'E
969,27°05'N,Pharenda,83°17'E
970,28°13'N,Dibai,78°15'E
971,30°19'N,Phul,75°14'E
972,27°29'N,Dibrugarh,94°55'E
973,2°38'N,Phulad,73°49'E
974,27°23'N,Didwana,74°36'W
975,26°52'S,Phulera,75°16'E
976,27°28'N,Dig,77°20'E
977,25°31'N,Phulpur,82°49'E
978,26°22'N,Diggi,75°26'E
979,25°58'N,Pichhor,78°20'E
980,27°48'N,Dihang/Brahmaputra,95°30'E
981,25°11'N,Pichor,78°11'E
982,25°38'N,Dinapur,85°05'E
983,27°36'N,Pihani,80°15'E
984,10°25'N,Dindigul,78°00'E
985,28°22'N,Pilani,75°33'E
986,22°57'N,Dindori,81°05'E
987,28°40'N,Pilibhit,79°50'E
988,24°18'N,Disa,72°10'E
989,28°43'N,Pilkhawa,77°42'E
990,20°45'N,Diu,70°58'E
991,26°25'N,Pipar,73°31'E
992,24°08'N,Diyodar,71°50'E
993,26°27'N,Pipar Road,73°27'E
994,33°10'N,Doda,75°34'E
995,22°45'N,Piparia Mad. P.,78°23'E
996,26°16'N,Dohrighat,83°31'E
997,21°49'N,Piparia Mad. P.,77°37'E
998,26°17'N,Domariaganj,83°44'E
999,23°37'N,Piploda,74°56'E
1000,34°25'N,Dras,75°48'E
1001,32°30'N,Pir Panjal Range,76°50'E
1002,23°48'N,Dubrajpur,87°25'E
1003,21°36'N,Piram I.,72°21'E
1004,24°15'N,Dudhi,83°10'E
1005,24°10'N,Pirawa,76°2'E
1006,28°30'N,Dudwa,80°41'E
1007,17°10'N,Pithapuram,82°15'E
1008,22°39'N,Dum Dum,88°33'E
1009,29°35'N,Pithoragarh,80°13'E
1010,27°40'N,Dum Duma,95°40'E
1011,25°32'N,Pohri,77°22'E
1012,24°12'N,Dumka,87°15'E
1013,27°0'N,Pokaran,71°50'E
1014,25°33'N,Dumraon,84°08'E
1015,10°35'N,Pollachi,77°0'E
1016,30°31'N,Dunagiri,79°52'E
1017,11°59'N,Pondicherry,79°50'E
1018,23°52'N,Dungarpur,73°45'E
1019,10°45'N,Ponnani,75°59'E
1020,21°15'N,Durg,81°22'E
1021,18°29'N,Poona/Pune,73°57'E
1022,23°30'N,Durgapur,87°20'E
1023,621°44'N,Porbandar,69°43'E
1024,22°18'N,Dwarka,69°08'E
1025,22°23'N,Port Canning,88°40'W
1026,14°00'N,Easter Ghats,78°50'E
1027,23°28'N,Pratabpur,83°15'E
1028,39°17'S,Egra,174°05'E
1029,24°02'N,"Pratapgarh, Raj.",74°40'E
1030,16°48'N,Elore/Eluru,81°08'E
1031,25°56'N,"Pratapgarh , Ut. P.",81°59'E
1032,16°48'N,Eluru,81°08'E
1033,14°45'N,Proddatur,78°30'E
1034,24°58'N,English Bazar/Ingraj Bazar,88°10'E
1035,11°59'N,Puduchcheri/Pondicherry,79°50'E
1036,25°09'N,Erinpura,73°03'E
1037,10°28'N,Pudukkottai,78°47'E
1038,11°24'N,Erode,77°45'E
1039,28°30'N,Pugal,72°48'E
1040,15°30'N,Errampala Hills,78°15'E
1041,26°14'N,Pukhrayan,79°51'E
1042,27°35'N,Etah,78°40'E
1043,13°40'N,Pulicat L.,80°15'E
1044,26°48'N,Etawah,79°06'E
1045,27°06'N,Punasar,73°06'E
1046,26°45'N,Faizabad,82°10'E
1047,33°48'N,Punch,74°04'E
1048,28°26'N,Faridabad,77°19'E
1049,18°29'N,Pune,73°57'E
1050,30°44'N,Faridkot,74°45'E
1051,31°0'N,Punjab,76°0'E
1052,28°13'N,Faridpur,79°33'E
1053,25°31'N,Punpun,85°18'E
1054,29°31'N,"Fatehabad, Haryana",75°27'E
1055,23°17'N,Puralia/Puruliya,86°24'E
1056,27°01'N,"Fatehabad, Ut. P.",78°19'E
1057,28°31'N,Puranpur,80°09'E
1058,27°25'N,Fatehgarh,79°35'E
1059,19°50'N,Puri,85°58'E
1060,24°38'N,"Fatehpur, Bihar",85°14'E
1061,25°45'N,Purnia,87°31'E
1062,28°00'N,"Fatehpur, Raj.",74°40'E
1063,23°17'N,Puruliya,86°24'E
1064,25°56'N,"Fatehpur, Ut. P.",81°13'E
1065,26°28'N,Purwa,80°47'E
1066,27°10'N,"Fatehpur, Ut. P.",81°13'E
1067,25°59'N,Pusa,85°41'E
1068,27°06'N,Fatehpur Sikri,77°40'E
1069,08°50'N,Quilon,76°38'E
1070,30°27'N,Fazilka,74°02'E
1071,23°50'N,Radhanpur,71°38'E
1072,30°55'N,Ferozepore/Fiozpur,74°40'E
1073,26°18'N,Rae Bareli,81°20'E
1074,27°10'N,Firozabad,78°25'E
1075,22°14'N,Raghunathpalli,84°48'E
1076,30°55'N,Firozpur,74°40'E
1077,23°33'N,Raghunathpur,86°40'E
1078,27°48'N,Firozpur-Jhirka,76°57'E
1079,23°47'N,Rahatgarh,78°22'E
1080,26°17'N,Forbesganj,87°18'E
1081,31°03'N,Rahon,76°07'E
1082,15°30'N,Gadag,75°45'E
1083,16°10'N,Raichur,77°20'E
1084,22°50'N,Gadarwara,78°50'E
1085,25°37'N,Raiganj,88°10'E
1086,22°00'N,Gadhada,71°35'E
1087,21°56'N,Raigarh,83°25'E
1088,16°10'N,Gadwal,77°50'E
1089,30°41'N,Raikot,75°42'E
1090,25°43'N,Gagaria,70°46'E
1091,21°17'N,Raipur,81°45'E
1092,25°27'N,Gahmar,83°49'E
1093,23°50'N,Raisen,77°48'E
1094,26°58'N,Gambhir,77°27'E
1095,21°28'N,Raj Nandgaon,86°46'E
1096,25°39'N,Gandak,85°13'E
1097,21°28'N,Raj Nilgiri,86°46'E
1098,24°40'N,Gandhi Sagar,75°40'E
1099,17°01'N,Rajahnundry,81°48'E
1100,23°15'N,Gandhinagar,72°45'E
1101,09°25'N,Rajapalaiyam,77°35'E
1102,23°20'N,Ganga,90°30'E
1103,26°45'N,Rajasthan,73°30'E
1104,21°38'N,Ganga Sagar,88°05'E
1105,26°45'N,Rajasthan,73°30'E
1106,28°38'N,Gangan,78°58'E
1107,28°0'N,Rajasthan Canal,72°0'E
1108,29°56'N,Ganganagar,73°56'E
1109,33°25'N,Rajauri,74°21'E
1110,26°32'N,Gangapur,76°49'E
1111,24°02'N,Rajgarh Mad. P.,76°45'E
1112,23°20'N,Ganges/Ganga,90°30'E
1113,27°14'N,Rajgarh Raj.,76°38'E
1114,21°30'N,"Ganges, Mouths of the",90°00'E
1115,28°40'N,Rajgarh Raj.,75°25'E
1116,29°46'N,Gangoh,77°18'E
1117,25°02'N,Rajgir,85°25'E
1118,30°50'N,Gangroti,79°10'E
1119,22°15'N,Rajkot,70°56'E
1120,27°20'N,Gangtok,88°37'E
1121,24°30'N,Rajmahal Hills,87°30'E
1122,27°45'N,Ganj,78°57'E
1123,21°50'N,Rajpipla,73°30'E
1124,24°30'N,Gapat,82°28'E
1125,22°18'N,Rajpur,74°21'E
1126,25°34'N,Garautha,79°18'E
1127,30°25'N,Rajpura,76°32'E
1128,30°08'N,Garbiyan,80°54'E
1129,21°03'N,Rajula,71°26'E
1130,25°30'N,Garo Hills,90°30'E
1131,21°43'N,Ramakona,78°50'E
1132,24°19'N,Garot,75°41'E
1133,09°25'N,Ramanathapuram,78°55'E
1134,25°05'N,Garrauli,79°22'E
1135,23°48'N,Ramanujganj,83°42'E
1136,23°40'N,Garu,84°14'E
1137,33°14'N,Ramban,75°12'E
1138,24°11'N,Garwa,83°47'E
1139,27°05'N,Ramganga,79°58'E
1140,26°10'N,Gauhati/Guwahati,91°45'E
1141,23°40'N,Ramgarh Jharkhand,85°35'E
1142,28°41'N,Gauri Phanta,80°36'E
1143,27°16'N,Ramgarh Raj.,75°14'E
1144,21°15'N,Gawilgarh Hills,76°45'E
1145,27°30'N,Ramgarh Raj.,70°36'E
1146,24°47'N,Gaya,85°04'E
1147,09°25'N,Ramnad/Ramanathapuram,78°55'E
1148,29°30'N,Ghaggar,74°53'E
1149,32°47'N,"Ramnagar, J&K;",75°18'E
1150,25°45'N,Ghaghara,84°40'E
1151,29°24'N,"Ramnagar , Uttranchal",79°07'E
1152,23°17'N,Ghagra,84°33'E
1153,31°26'N,"Rampur, H.P.",77°43'E
1154,27°29'N,Ghagra,81°09'E
1155,23°25'N,Rampur Mad. P.,73°53'E
1156,22°39'N,Ghansor,80°01'E
1157,28°50'N,Rampur Ut. P.,79°05'E
1158,22°40'N,Ghatal,87°46'E
1159,24°10'N,Rampur Hat,87°50'E
1160,26°08'N,Ghatampur,80°13'E
1161,24°30'N,Rampura,75°27'E
1162,22°36'N,Ghatsila,86°29'E
1163,21°52'N,Ramrama Tola,79°55'E
1164,28°42'N,Ghaziabad,77°26'E
1165,21°20'N,Ramtek,79°15'E
1166,25°38'N,Ghazipur,83°35'E
1167,24°58'N,Rana Pratap Sagar Dam,75°38'E
1168,27°20'N,Ghotaru,70°01'E
1169,23°15'N,Ranaghat,88°35'E
1170,22°39'N,Ghughri,80°41'E
1171,23°19'N,Ranchi,85°27'E
1172,19°58'N,Ghugus,79°12'E
1173,26°28'N,Rangia,91°38'E
1174,35°50'N,Gilgit,74°15'E
1175,14°35'N,Ranibennur,75°30'E
1176,21°00'N,Gir Hills,71°00'E
1177,27°03'N,"Raniganj ,Ut. P.",82°13'E
1178,26°02'N,Girab,70°38'E
1179,23°40'N,Raniganj W. Bengal,87°05'E
1180,30°28'N,Giri,77°41'E
1181,29°39'N,Ranikhet,79°25'E
1182,24°10'N,Giridih,86°21'E
1183,24°50'N,Raniwara,72°10'E
1184,15°33'N,Goa,73°59'E
1185,23°59'N,Ranka,83°47'E
1186,15°33'N,Goa,73°59'E
1187,23°34'N,Rapar,70°38'E
1188,26°10'N,Goalpara,90°40'E
1189,26°18'N,Rapti,83°41'E
1190,22°43'N,Goaltor,87°10'E
1191,25°50'N,Rasra,83°50'E
1192,16°25'N,Godavari,82°18'E
1193,28°05'N,Ratangarh,74°35'E
1194,17°00'N,Godavari Pt.,82°20'E
1195,25°36'N,Rath,79°37'E
1196,24°50'N,Godda,87°13'E
1197,23°20'N,Ratlam,75°0'E
1198,22°49'N,Godhra,73°40'E
1199,16°57'N,Ratnagiri,73°18'E
1200,25°45'N,Gogra= Ghaghara,84°40'E
1201,22°14'N,Raurkela,84°50'E
1202,29°08'N,Gohana,76°42'E
1203,26°59'N,Raxaul,84°51'E
1204,23°01'N,Goharganj,77°41'E
1205,14°40'N,Rayadurg,76°50'W
1206,22°04'N,Goi,74°46'E
1207,19°15'N,Rayagada,83°20'E
1208,28°03'N,Gola,80°32'E
1209,23°55'N,Rehar,82°40'E
1210,26°08'N,Golakganj,89°52'E
1211,23°38'N,Rehli,79°05'E
1212,25°32'N,Gomati,83°11'E
1213,25°33'N,Reotipur,83°45'E
1214,23°52'N,Gomoh,86°10'E
1215,25°50'N,Revelganj,84°40'E
1216,27°09'N,Gonda,81°58'E
1217,24°33'N,Rewa,81°25'E
1218,21°58'N,Gondal,70°52'E
1219,28°15'N,Rewari,76°40'E
1220,21°23'N,Gondia,80°10'E
1221,33°10'N,Riasi,74°50'E
1222,22°05'N,Gop,69°50'E
1223,24°44'N,Robertsganj,83°4'E
1224,26°28'N,Gopalganj,84°30'E
1225,28°55'N,Rohtak,76°43'E
1226,26°47'N,Gorakhpur,83°23'E
1227,29°52'N,Roorkee,77°59'E
1228,29°45'N,Goriganga,80°23'E
1229,31°2'N,Rupar,76°38'E
1230,24°23'N,Govindgarh,81°18'E
1231,23°28'N,Rupsa,71°31'E
1232,28°00'N,Great Indian Desert/Thar Desert,72°00'E
1233,28°29'N,Sabi,76°44'E
1234,22°18'N,Gua,85°20'E
1235,25°11'N,Sadri,73°26'E
1236,14°12'N,Gudur,79°55'E
1237,14°14'N,Sagar Mad P.,75°6'E
1238,23°20'N,Gujarat,71°00'E
1239,29°58'N,Saharanpur,77°33'E
1240,17°20'N,Gulbarga,76°50'E
1241,25°53'N,Saharsa,86°36'E
1242,34°03'N,Gulmarg,74°25'E
1243,28°5'N,Sahaswan,78°45'E
1244,23°03'N,Gumla,84°33'E
1245,25°12'N,Sahibganj,87°40'E
1246,24°40'N,Guna,77°19'E
1247,25°39'N,Sai,82°47'E
1248,15°11'N,Guntakal,77°27'E
1249,23°28'N,Sailana,74°55'E
1250,16°23'N,Guntur,80°30'E
1251,23°50'N,Sairang,92°45'E
1252,32°05'N,Gurdaspur,75°31'E
1253,33°20'N,Sajum,79°0'E
1254,28°27'N,Gurgaon,77°01'E
1255,26°13'N,Sakri,86°5'E
1256,25°12'N,Gurha,71°39'E
1257,22°2'N,Sakti,82°58'E
1258,26°10'N,Guwahati,91°45'E
1259,22°19'N,Salaya,69°35'E
1260,26°12'N,Gwalior,78°10'E
1261,11°40'N,Salem,78°11'E
1262,25°10'N,Haflong,93°05'E
1263,26°2'N,Salon,81°27'E
1264,26°37'N,Haidargarh,81°22'E
1265,18°27'N,Salur,83°18'E
1266,25°45'N,Hajipur,85°13'E
1267,26°50'N,Sam,70°31'E
1268,22°05'N,Haldia,88°03'E
1269,30°10'N,Samana,76°13'E
1270,29°31'N,Haldwani,79°30'E
1271,25°50'N,Samastipur,85°50'E
1272,24°50'N,Halia,82°19'E
1273,32°32'N,Samba,75°10'E
1274,23°01'N,Halvad,71°11'E
1275,21°28'N,Sambalpur,84°4'E
1276,31°41'N,Hamirpur H.P.,76°31'E
1277,28°35'N,Sambhal,78°37'E
1278,25°57'N,"Hamirpur, Ut. P.",80°09'E
1279,26°52'N,Sambhar,75°6'E
1280,34°21'N,Handwara,74°20'E
1281,26°55'N,Sambhar L.,75°12'E
1282,32°42'N,Hanle,79°04'E
1283,22°59'N,Sanand,72°25'E
1284,24°36'N,Hansdiha,87°05'E
1285,27°5'N,Sandila,80°31'E
1286,29°10'N,Hansi,75°57'E
1287,19°37'N,Sangamner,74°15'E
1288,29°35'N,Hanumangarh,74°19'E
1289,24°55'N,Sangod,76°17'E
1290,22°37'N,Haora,88°20'E
1291,30°14'N,Sangrur,75°50'E
1292,28°45'N,Hapur,77°45'E
1293,22°59'N,Sanwer,75°50'E
1294,22°27'N,Harda,77°05'E
1295,22°42'N,Saraikela,85°56'E
1296,27°26'N,Hardoi,80°06'E
1297,21°30'N,Sarangarh,83°5'E
1298,29°58'N,Hardwar/Haridwar,78°09'E
1299,28°30'N,Sardarshahr,74°29'E
1300,29°58'N,Haridwar,78°09'E
1301,21°38'N,Saria,83°22'E
1302,22°37'N,Harrai,79°13'E
1303,25°46'N,Sarila,79°41'E
1304,22°06'N,Harsud,76°44'E
1305,26°4'N,Sarvar,75°0'E
1306,29°00'N,Haryana,76°10'E
1307,21°10'N,Sasan Gir,70°36'E
1308,21°44'N,Hasdo,82°44'E
1309,24°57'N,Sasaram,84°5'E
1310,27°36'N,Hathras,78°06'E
1311,34°50'N,Saser,77°50'E
1312,24°07'N,Hatta,79°36'E
1313,17°44'N,Satara,73°58'E
1314,23°58'N,Hazaribag,85°26'E
1315,23°55'N,Satbarwa,84°16'E
1316,24°12'N,Hazaribag Road,85°57'E
1317,20°15'N,Satmala Hills,74°40'E
1318,31°30'N,Himachal Pradesh,77°00'E
1319,34°35'N,Satna,80°50'E
1320,23°37'N,Himatnagar,72°57'E
1321,21°25'N,Satpura Ra,76°10'E
1322,26°44'N,Hindaun,77°05'E
1323,26°0'N,Sawai Madhopur,76°25'E
1324,13°49'N,Hindupur,77°32'E
1325,17°28'N,Secunderabad,78°30'E
1326,20°30'N,Hinganghat,78°52'E
1327,23°10'N,Sehore,77°5'E
1328,21°57'N,Hingir,83°41'E
1329,21°44'N,seohara,82°28'E
1330,19°41'N,Hingoli,77°15'E
1331,26°9'N,Seondha,78°48'E
1332,21°32'N,Hirakud Dam,83°45'E
1333,22°5'N,Seoni,79°30'E
1334,23°06'N,Hiran,79°21'E
1335,22°27'N,sEoni Malwa,77°28'E
1336,24°22'N,Hirapur,79°13'E
1337,28°58'N,Sewani,75°39'E
1338,29°12'N,Hisar,75°45'E
1339,23°29'N,Sihora,80°6'W
1340,21°56'N,Hooghly/Hugli,88°04'E
1341,22°26'N,Sika,69°47'E
1342,22°53'N,Hooghly-Chinsura/Chunchura,88°27'E
1343,27°33'N,Sikar,75°10'E
1344,22°45'N,Hoshangabad,77°45'E
1345,27°50'N,Sikkim,88°30'E
1346,31°30'N,Hoshiarpur,75°58'E
1347,21°54'N,Silawad,74°54'E
1348,15°15'N,Hospet,76°20'E
1349,24°49'N,Silchar,92°48'E
1350,22°37'N,Howrah/Haora,88°20'E
1351,26°35'N,Silghat,93°0'E
1352,21°56'N,Hugli,88°04'E
1353,23°18'N,Silvani,78°25'E
1354,35°54'N,Hunza,74°20'E
1355,24°43'N,Simaltala,86°33'E
1356,17°22'N,Hyderabad,78°29'E
1357,22°37'N,Simdega,84°31'E
1358,33°40'N,Hymia,78°02'E
1359,31°2'N,Simla,77°9'E
1360,21°34'N,Ib,83°48'E
1361,34°18'N,Sind J & K,74°45'E
1362,19°10'N,Ichchapuram,84°40'E
1363,23°45'N,Sindri,86°42'E
1364,23°01'N,Ichhawar,77°01'E
1365,25°0'N,Singoli,75°22'E
1366,24°48'N,Imphal,93°56'E
1367,21°55'N,Sinor,73°20'E
1368,22°42'N,Indore,75°53'E
1369,23°55'N,Sipra,75°28'E
1370,19°20'N,Indravati,80°20'E
1371,25°39'N,Sirathu,81°19'E
1372,24°58'N,Ingraj Bazar,88°10'E
1373,24°51'N,Sirmaur,81°23'E
1374,24°48'N,Isagarh,77°51'E
1375,24°52'N,Sirohi,72°53'E
1376,26°51'N,Isan,80°07'E
1377,24°5'N,Sironj,77°39'E
1378,25°09'N,Islampur,85°12'E
1379,26°51'N,Sirsa,79°4'E
1380,34°15'N,Isogstalo,78°46'E
1381,27°9'N,Siswa Bazar,83°46'E
1382,22°36'N,Itarsi,77°51'E
1383,26°37'N,Sitamarhi,85°30'E
1384,29°09'N,Jabalpur,79°58'E
1385,27°38'N,Sitapur,80°45'E
1386,20°52'N,Jafarabad,71°22'E
1387,26°13'N,Siwan,84°21'E
1388,30°10'N,Jagadhri,77°20'E
1389,25°38'N,Siwana,72°25'E
1390,25°30'N,Jagadishpur,84°21'E
1391,22°47'N,Sobhapur,78°17'E
1392,19°03'N,Jagdalpur,82°00'E
1393,35°30'N,Soda Plains,79°0'E
1394,30°50'N,Jagraon,75°25'E
1395,25°55'N,sojat,73°45'E
1396,18°50'N,Jagital,79°00'E
1397,30°55'N,Solan,77°7'E
1398,22°35'N,Jahanabad,81°07'W
1399,25°47'N,Somdari,72°38'E
1400,25°13'N,Jahazpur,84°59'E
1401,20°53'N,Somnath,70°22'E
1402,31°21'N,Jaijon,76°09'E
1403,25°42'N,Son,84°52'E
1404,27°00'N,Jaipur,75°50'E
1405,34°18'N,Sonamarg,75°21'E
1406,26°15'N,Jais,81°32'E
1407,24°24'N,Sonamukhi,79°56'E
1408,26°55'N,Jaisalmer,70°54'E
1409,24°24'N,Sonar,79°56'E
1410,23°38'N,Jaisinghnagar,78°34'E
1411,20°55'S,Sonepur,83°50'E
1412,26°12'N,Jaitaran,73°56'E
1413,23°29'N,Sonhat,82°31'E
1414,23°14'N,Jaithari,78°37'E
1415,29°0'N,Sonipat,77°5'E
1416,23°54'N,Jakam,74°13'E
1417,22°59'N,Sonkach,76°21'E
1418,29°48'N,Jakhal,75°50'E
1419,34°18'N,Sopur,74°27'E
1420,23°13'N,Jakhau,68°43'E
1421,25°37'N,Soraon,81°51'E
1422,27°41'N,Jalalabad,79°42'E
1423,27°27'N,Sot,79°37'E
1424,26°08'N,Jalaun,79°25'E
1425,22°32'N,South Koel,85°14'E
1426,27°29'N,Jalesar,78°19'E
1427,34°5'N,Srinagar,74°50'E
1428,21°00'N,Jalgaon,75°42'E
1429,21°12'N,Surat,72°55'E
1430,19°48'N,Jalna,75°38'E
1431,26°14'N,Sursar,87°3'E
1432,25°21'N,Jalor,72°37'E
1433,23°57'N,Susner,76°5'E
1434,26°32'N,Jalpaiguri,88°46'E
1435,33°6'N,Takh,77°32'E
1436,25°18'N,Jamalpur,86°28'E
1437,33°6'N,Takh,77°32'E
1438,23°02'N,Jamalpurganj,87°59'E
1439,21°0'N,Talcher,85°18'E
1440,22°03'N,Jambusar,72°51'E
1441,25°0'N,Tamenglong,93°35'E
1442,21°35'N,Jamira,88°28'E
1443,11°0'N,Tamluk,77°0'E
1444,16°30'N,Jamkhandi,75°15'E
1445,26°33'N,Tanda Ut. P.,82°35'E
1446,32°43'N,Jammu,74°54'E
1447,21°58'N,Tankhala,73°47'E
1448,34°25'N,Jammu & Kashmir,77°00'E
1449,21°8'N,Tapi,72°41'E
1450,22°30'N,Jamnagar,70°06'E
1451,22°48'N,Tawa,77°48'E
1452,25°13'N,Jamni,78°35'E
1453,30°23'N,Tehri,78°29'E
1454,22°4'N,Jamshedpur,86°12'E
1455,29°57'N,Tejam,80°11'E
1456,23°59'N,Jamtara,86°49'E
1457,18°37'N,Tekkali,84°15'E
1458,25°33'N,Janghai,82°19'E
1459,11°45'N,Tellicherry,75°30'E
1460,22°01'N,Janjgir,82°34'E
1461,16°15'N,Tenali,80°35'E
1462,23°40'N,Jaora,75°10'E
1463,23°24'N,Tendukhera,79°33'E
1464,24°33'N,Japla,84°01'E
1465,8°55'N,Tenkasi,77°20'E
1466,27°38'N,Jarwa,82°30'E
1467,26°40'N,Tezpur,92°45'E
1468,22°02'N,Jasdan,71°12'E
1469,22°34'N,Than,71°11'E
1470,22°54'N,Jashpurnagar,84°09'E
1471,10°48'N,Thanjavur,79°12'E
1472,24°31'N,Jasidih,86°39'E
1473,28°0'N,Thar Desert,72°0'E
1474,24°30'N,Jaso,80°29'E
1475,24°30'N,Tharad,71°44'E
1476,27°43'N,Jasrasar,73°49'E
1477,24°44'N,Tikamgarh,78°50'E
1478,25°46'N,Jaunpur,82°4'E
1479,8°45'N,Tinnevelly/Tirunelveli,77°45'E
1480,24°36'N,Jawad,74°51'E
1481,24°59'N,Tinpahar,87°44'E
1482,26°45'N,Jayanti,89°40'E
1483,27°20'N,Tipongpani,95°55'E
1484,26°43'N,Jaynagar,86°09'E
1485,21°40'N,Tirodi,79°44'E
1486,21°45'N,Jetpur,70°10'E
1487,10°45'N,Tiruchchirappalli,78°45'E
1488,18°50'N,Jeypore,82°38'E
1489,8°45'N,Tirunelveli,77°45'E
1490,24°46'N,Jha Jha,86°22'E
1491,13°39'N,Tirupati,79°25'E
1492,24°00'N,Jhaarkand/Jharkhand,85°50'E
1493,11°5'N,Tiruppur,77°22'E
1494,22°46'N,Jhabua,74°36'E
1495,12°15'N,Tiruvannamalai,79°5'E
1496,28°37'N,Jhajjar,76°42'E
1497,32°50'N,Tisa,76°9'E
1498,24°40'N,Jhalawar,76°10'E
1499,25°42'N,Todgarh,73°58'E
1500,23°22'N,Jhalida,85°58'E
1501,26°6'N,Tonk,75°54'E
1502,24°33'N,Jhalrapatan,76°10'E
1503,30°30'N,"Tons, Haryana",77°39'E
1504,25°30'N,Jhansi,78°36'E
1505,26°1'N,"Tons , Ut.P.",83°33'E
1506,22°27'N,Jhargram,86°59'E
1507,22°57'N,Torpa,85°6'E
1508,23°45'N,Jharia,86°26'E
1509,27°37'N,Towang,91°50'E
1510,24°00'N,Jharkhand,85°50'E
1511,10°30'N,Trichur,76°18'E
1512,21°56'N,Jharsuguda,84°05'E
1513,24°0'N,Tripura,92°0'E
1514,23°24'N,Jhilmilli,82°51'E
1515,30°19'N,Trishul,79°47'E
1516,28°10'N,Jhunjhunu,75°30'E
1517,8°41'N,Trivandrum,77°0'E
1518,29°02'N,Jido,94°58'E
1519,32°50'N,Tso Moriri L.,78°20'E
1520,25°45'N,Jigni,79°25'E
1521,22°59'N,Tuna,70°5'E
1522,29°19'N,Jind,76°22'E
1523,27°12'N,Tundla,78°17'E
1524,22°25'N,Jobat,74°34'E
1525,8°50'S,Tuticorin,78°12'E
1526,26°23'N,Jodhpur,73°08'E
1527,11°30'N,Udagamandalam,76°44'E
1528,22°42'N,Jodiya,70°18'E
1529,22°33'N,Udainagar,76°13'E
1530,26°25'N,Jogbani,87°15'E
1531,24°36'N,Udaipur,73°44'E
1532,23°37'N,Johilla,81°14'E
1533,21°35'N,Udala,86°34'E
1534,26°20'N,Jora,77°49'E
1535,18°25'N,Udgir,77°5'E
1536,26°45'N,Jorhat,94°12'E
1537,33°0'N,Udhampur,75°5'E
1538,30°34'N,Joshinath,79°34'E
1539,13°25'N,Udupi,74°42'E
1540,31°05'N,Jubbal,77°40'E
1541,32°10'N,Ujh,75°18'E
1542,23°09'N,Jubbulpore/Jabalpur,79°58'E
1543,28°0'N,Ujhani,79°6'E
1544,31°20'N,Jullundur,75°40'E
1545,33°28'N,Ukki Fort,76°54'E
1546,25°30'N,Jumna/Yamuna,81°53'E
1547,23°35'N,Umaria,80°50'E
1548,21°30'N,Junagadh,70°30'E
1549,22°41'N,Umreth,73°4'E
1550,22°50'N,"Kachchh, Gulf of",69°15'E
1551,2°046'N,Una,71°8'E
1552,24°00'N,"Kachchh, Rann of",70°00'E
1553,26°35'N,Unnao,80°30'E
1554,21°44'N,Kachchhidhana,78°46'E
1555,21°46'N,Upleta,70°16'E
1556,23°50'N,Kachnara,75°06'E
1557,33°48'N,Upshi,77°52'E
1558,23°18'N,Kadi,72°23'E
1559,27°19'N,Utraula,82°25'E
1560,26°10'N,Kadipur,82°23'E
1561,27°0'N,Uttar Pradesh,80°0'E
1562,27°33'N,Kaimganj,79°24'E
1563,30°0'N,Uttaranchal,79°30'E
1564,24°30'N,Kaimur Hills,82°00'E
1565,22°20'N,Vadnagar,73°10'E
1566,22°45'N,Kaira,72°50'E
1567,22°20'N,Vadodara,73°10'E
1568,22°24'N,Kairana,77°15'E
1569,26°28'N,Vaisali,78°53'E
1570,29°48'N,Kaithal,76°26'E
1571,20°40'N,Valsad,72°58'E
1572,21°53'N,Kakdwip,88°11'E
1573,25°22'N,Varanasi,83°0'E
1574,16°57'N,Kakinada,82°11'E
1575,23°9'N,Vatrak,73°2'E
1576,27°06'N,Kali,79°55'E
1577,24°22'N,Vav,71°31'E
1578,25°32'N,Kali Sindh,76°17'E
1579,14°45'N,Velikonda Range,79°10'E
1580,27°04'N,Kalimpong,88°35'E
1581,12°57'N,Vellore,79°10'E
1582,30°46'N,Kalka,76°57'E
1583,15°53'N,Venguria,73°45'E
1584,23°13'N,Kalna,88°25'E
1585,18°20'N,Venkatapuram,80°30'E
1586,22°46'N,Kalnai,83°30'E
1587,20°53'N,Veraval,70°27'E
1588,22°37'N,"Kalol, Gujarat",73°31'E
1589,42°58'N,Victor,77°24'W
1590,23°15'N,"Kalol, Gujarat",72°33'E
1591,23°28'N,Vidisha,77°53'E
1592,26°08'N,Kalpi,79°47'E
1593,16°31'N,Vijayawada,80°39'E
1594,27°39'N,Kaman,77°16'E
1595,22°50'N,Vindhya Ra.,77°0'E
1596,25°35'N,Kamla,86°36'E
1597,23°5'N,Viramgam,72°0'E
1598,12°52'N,Kanchipuram,79°45'E
1599,21°51'N,Virpur,70°42'E
1600,30°59'N,Kandaghat,77°07'E
1601,9°30'N,Virudunagar,77°58'E
1602,29°18'N,Kandhla,77°19'E
1603,17°45'N,Vishakhapatnam,83°20'E
1604,23°58'N,Kandi,88°05'E
1605,23°45'N,Visnagar,72°32'E
1606,23°00'N,Kandla,70°10'E
1607,18°6'N,Vizianagaram,83°30'E
1608,32°06'N,Kangra,76°16'E
1609,27°37'N,Vrindavan,77°40'E
1610,27°50'N,Kangto,92°35'E
1611,22°35'N,Wankaner,71°0'E
1612,24°28'N,Kanhar,83°08'E
1613,17°58'N,Warangal,79°35'E
1614,20°10'N,Kanker,81°40'E
1615,21°45'N,Waraseoni,80°2'E
1616,25°04'N,Kankroli,73°53'E
1617,19°57'N,Wardha,79°11'E
1618,27°03'N,Kannauj,79°56'E
1619,20°3'N,Washim,77°0'E
1620,22°45'N,Kannod,76°40'E
1621,23°0'N,West Bengal,88°0'E
1622,26°28'N,Kanpur,80°20'E
1623,14°0'N,Western Ghats,75°0'E
1624,22°35'N,Kantaphor,76°34'E
1625,34°20'N,Wular L.,74°30'E
1626,28°20'N,Kantli,75°30'E
1627,16°45'N,Yadgir,77°5'E
1628,23°05'N,Kapadvanj,73°00'E
1629,25°30n,Yamuna,81°53'E
1630,31°23'N,Kapurthala,75°25'E
1631,30°7'N,Yamunagar,77°17'E
1632,17°15'N,Karad,74°10'E
1633,20°20'N,Yavatmal,78°15'E
1634,25°29'N,Karagola Road,87°23'E
1635,33°15'N,Zaskar Mts.,77°30'E
